SA2_CODE_2021,SA2_NAME_2021,Area_sqkm,Commuted_Total,PT_Total,PT_percent,Density_commuters
201021009,Bacchus Marsh Surrounds,1038.7674641377478,2186,38,1.738334858188472,2.104
201021011,Daylesford,920.840741200518,2564,8,0.31201248049922,2.784
202021030,Kyneton,556.2826903901797,3056,57,1.8651832460732984,5.494
202021031,Woodend,211.93837931502264,1995,64,3.208020050125313,9.413
203021037,Belmont,9.340123621397577,5099,144,2.8240831535595214,545.924
203021039,Geelong,12.863497372363103,4781,188,3.9322317506797737,371.672
203021040,Geelong West - Hamlyn Heights,31.97506942389033,7614,214,2.8106120304701867,238.123
203021042,Highton,40.489499919984326,8006,172,2.1483887084686484,197.73
203021043,Lara,588.6418476811192,7063,212,3.001557411864647,11.999
203021044,Leopold,27.97233707523357,4738,71,1.49852258336851,169.382
203021045,Newcomb - Moolap,43.29922294311579,5095,123,2.4141315014720317,117.67
203021046,Newtown (Vic.),5.844352117842183,3399,76,2.2359517505148574,581.587
203021047,North Geelong - Bell Park,22.024103611790256,5188,154,2.9683885890516577,235.56
203021485,Charlemont,18.024854253600093,4042,81,2.003958436417615,224.246
203021486,Corio - Lovely Banks,74.32922801928044,5887,176,2.9896381858331917,79.202
203021487,Grovedale - Mount Duneed,37.59217435053438,8877,214,2.4107243438098456,236.14
203021488,Norlane,6.443697393287051,2501,117,4.6781287485006,388.131
203031048,Clifton Springs,65.16320328177075,5354,74,1.382144191258872,82.163
203031051,Portarlington,71.96375272943827,2221,27,1.2156686177397569,30.863
203031052,Point Lonsdale - Queenscliff,61.739007861371256,1195,8,0.6694560669456067,19.356
203031053,Torquay,126.48920406513726,7322,61,0.8331057088227259,57.886
203031489,Barwon Heads - Armstrong Creek,88.27710186574163,3727,52,1.395224040783472,42.219
203031490,Ocean Grove,68.80917899674924,5804,43,0.740868366643694,84.349
204011054,Alexandra,2118.75468385269,2086,16,0.7670182166826461,0.985
204011056,Kilmore - Broadford,461.4849070455023,5305,73,1.3760603204524036,11.496
204011060,Seymour Surrounds,1688.9184261246985,1802,3,0.1664816870144284,1.067
204011062,Yea,1474.388749457532,1199,4,0.3336113427856547,0.813
205031088,French Island,170.2807295332442,28,4,14.285714285714285,0.164
205031089,Korumburra,600.6975726968622,3257,18,0.552655818237642,5.422
205031091,Phillip Island,100.70142502774739,3660,16,0.4371584699453552,36.345
205031093,Wonthaggi - Inverloch,728.731775449956,7761,35,0.4509728127818579,10.65
206011106,Brunswick East,2.167795986858799,3528,684,19.387755102040817,1627.459
206011107,Brunswick West,3.1575492135145278,4314,623,14.441353732035234,1366.249
206011109,Pascoe Vale South,2.9969522750216564,2926,239,8.168147641831853,976.325
206011495,Brunswick - North,2.4120878784576028,3603,742,20.593949486538996,1493.727
206011496,Brunswick - South,2.737796307552902,3611,707,19.579063971199115,1318.944
206011497,Coburg - East,3.758569717233582,3399,560,16.475433951162106,904.333
206011498,Coburg - West,3.182255995070489,3657,463,12.660650806672136,1149.185
206021110,Alphington - Fairfield,2.8663892353892444,2243,270,12.037449843958983,782.518
206021112,Thornbury,4.902411027251091,4990,653,13.08617234468938,1017.867
206021499,Northcote - East,3.5721394005447746,3629,492,13.55745384403417,1015.918
206021500,Northcote - West,2.5975113833887797,2547,414,16.25441696113074,980.554
206031113,Ascot Vale,3.8827258979541757,3928,520,13.238289205702646,1011.66
206031115,Flemington,1.5909249223986646,2341,519,22.17001281503631,1471.471
206031116,Moonee Ponds,4.355232681637171,4670,779,16.680942184154176,1072.273
206031501,Essendon (West) - Aberfeldie,4.937152202441212,4829,365,7.5585007247877405,978.094
206031502,Essendon - East,3.567782157789173,3728,550,14.753218884120171,1044.907
206041117,Carlton,1.836025265147286,4425,1241,28.045197740112993,2410.098
206041118,Docklands,2.4441013606129665,4280,1428,33.36448598130841,1751.155
206041119,East Melbourne,2.913511920753293,1282,201,15.678627145085802,440.019
206041120,Flemington Racecourse,1.6974990637802079,26,3,11.538461538461538,15.317
206041121,Kensington (Vic.),2.1693366653668322,2752,538,19.54941860465116,1268.591
206041124,Parkville,4.0363493541235345,1980,387,19.545454545454547,490.542
206041125,South Yarra - West,1.5186949268225687,1616,299,18.502475247524753,1064.072
206041127,West Melbourne - Industrial,6.188142108031701,0,0,,0.0
206041503,Melbourne CBD - East,0.7951463857063138,3005,1178,39.20133111480865,3779.178
206041504,Melbourne CBD - North,0.5693424783856089,5500,2432,44.21818181818182,9660.266
206041505,Melbourne CBD - West,1.0167035627687546,5486,2576,46.95588771418156,5395.87
206041506,North Melbourne,2.4333307872255405,4332,925,21.352723915050785,1780.276
206041507,Royal Botanic Gardens Victoria,1.3495529042704122,0,0,,0.0
206041508,Southbank (West) - South Wharf,0.8761479621029071,2011,507,25.2113376429637,2295.274
206041509,Southbank - East,0.7977171594972414,5603,1613,28.788149205782616,7023.793
206041510,West Melbourne - Residential,0.8213237073777143,2423,644,26.578621543541065,2950.116
206051128,Albert Park,4.661095686304363,3932,604,15.36113936927772,843.578
206051129,Elwood,2.5655254841393775,4108,472,11.489776046738072,1601.231
206051130,Port Melbourne,2.7926957679515905,3879,332,8.558906934777005,1388.981
206051134,St Kilda East,2.4176847335636613,4649,879,18.907291890729187,1922.914
206051511,Port Melbourne Industrial,7.603302440885128,665,67,10.075187969924812,87.462
206051512,South Melbourne,1.9059493638539287,2900,502,17.310344827586206,1521.551
206051513,St Kilda - Central,1.5442118357476429,3879,806,20.77855117298273,2511.961
206051514,St Kilda - West,2.377826219895109,3963,792,19.984859954579864,1666.648
206061135,Armadale,2.1845159361325233,2426,396,16.323165704863975,1110.544
206061136,Prahran - Windsor,2.9000559034330577,5706,1093,19.155275148966,1967.548
206061138,Toorak,4.308901939390947,3141,342,10.888252148997136,728.956
206061515,South Yarra - North,1.1671303275199467,3440,891,25.901162790697676,2947.4
206061516,South Yarra - South,1.354895961443393,2662,589,22.126220886551465,1964.726
206071139,Abbotsford,1.7441730426981294,2744,550,20.043731778425656,1573.238
206071140,Carlton North - Princes Hill,2.3011135804422973,2168,359,16.559040590405903,942.153
206071141,Collingwood,1.2595900953752968,2519,432,17.149662564509725,1999.857
206071142,Fitzroy,1.3835380159077422,2602,413,15.872405841660262,1880.686
206071143,Fitzroy North,2.5067555300252504,3063,457,14.920013059092394,1221.898
206071145,Clifton Hill - Alphington,5.203261465849668,2412,294,12.18905472636816,463.555
206071517,Richmond (South) - Cremorne,4.2854923536475535,5176,857,16.557187017001546,1207.796
206071518,Richmond - North,1.8819125654939377,4168,797,19.121880998080616,2214.768
207011146,Ashburton (Vic.),2.8578304954251093,1768,147,8.314479638009049,618.651
207011147,Balwyn,5.586266697888273,3756,327,8.706070287539937,672.363
207011148,Balwyn North,8.890199071270683,5263,349,6.6311989359680785,592.0
207011149,Camberwell,7.3039686582400885,4724,483,10.224386113463169,646.772
207011150,Glen Iris - East,5.707421942421598,3897,308,7.903515524762637,682.795
207011152,Hawthorn East,3.8386493740482432,4118,595,14.448761534725596,1072.773
207011154,Kew East,3.9944885510092036,1684,114,6.7695961995249405,421.581
207011155,Surrey Hills (West) - Canterbury,5.694445761132125,3479,342,9.8304110376545,610.946
207011519,Hawthorn - North,2.4489361687703934,2551,382,14.97451979615837,1041.677
207011520,Hawthorn - South,3.25007013132093,3221,601,18.658801614405466,991.056
207011521,Kew - South,4.350618785044859,2870,224,7.804878048780488,659.676
207011522,Kew - West,6.206216642808773,3364,268,7.966706302021404,542.037
207021156,Bulleen,6.659946947293008,3145,206,6.5500794912559615,472.226
207021157,Doncaster,8.775532610308217,6714,593,8.832290735775992,765.082
207021159,Templestowe,16.161009144644794,4369,208,4.7608148317692836,270.342
207021160,Templestowe Lower,5.978277250069961,3550,216,6.084507042253521,593.817
207021424,Doncaster East - North,6.3547170759157705,4185,298,7.120669056152927,658.566
207021425,Doncaster East - South,4.7655440248090715,3945,309,7.832699619771863,827.817
207031161,Blackburn,8.644065134881377,5624,567,10.081792318634424,650.62
207031162,Blackburn South,3.6073208673910413,2764,147,5.318379160636758,766.22
207031163,Box Hill,7.054858214550023,6609,1106,16.734755636253592,936.801
207031164,Box Hill North,6.10707273050405,4960,463,9.33467741935484,812.173
207031165,Burwood (Vic.),5.053554709217863,3445,415,12.04644412191582,681.698
207031166,Burwood East,4.288512122331258,2976,246,8.266129032258064,693.947
207031167,Surrey Hills (East) - Mont Albert,3.3121218938328654,2435,248,10.184804928131417,735.178
208011168,Beaumaris,5.986233658343143,3270,97,2.9663608562691133,546.253
208011169,Brighton (Vic.),8.261414450918252,4824,372,7.711442786069651,583.919
208011170,Brighton East,5.589904287583404,3633,174,4.789430222956235,649.922
208011171,Highett (West) - Cheltenham,5.3227413322609864,3140,236,7.515923566878981,589.922
208011172,Hampton,5.7120975041614575,4098,303,7.393850658857979,717.425
208011173,Sandringham - Black Rock,6.445089827685615,3927,222,5.653170359052712,609.301
208021174,Bentleigh - McKinnon,6.201715577314531,6244,623,9.977578475336324,1006.818
208021176,Carnegie,3.8112581477948173,5273,873,16.556040204816995,1383.533
208021177,Caulfield - North,6.381110781706797,5744,648,11.28133704735376,900.157
208021178,Caulfield - South,4.746987319438136,4499,384,8.535230051122472,947.759
208021179,Elsternwick,2.888927998275488,2964,381,12.854251012145747,1025.986
208021180,Hughesdale,2.025720255057864,2175,327,15.03448275862069,1073.692
208021181,Murrumbeena,2.5117661336975368,2647,356,13.449187759727993,1053.84
208021182,Ormond - Glen Huntly,2.950172726252457,3723,619,16.62637657802847,1261.96
208021426,Bentleigh East - North,4.572076558067722,4394,224,5.097860719162494,961.051
208021427,Bentleigh East - South,4.599133655994804,3840,169,4.401041666666667,834.94
208031183,Aspendale Gardens - Waterways,5.291401395316264,2875,85,2.9565217391304346,543.334
208031184,Braeside,9.046220310510376,14,0,0.0,1.548
208031185,Carrum - Patterson Lakes,5.816801377606206,3980,148,3.71859296482412,684.225
208031186,Chelsea - Bonbeach,5.464986045080905,4480,206,4.5982142857142865,819.764
208031187,Chelsea Heights,3.1870723524620552,1669,45,2.696225284601558,523.678
208031188,Highett (East) - Cheltenham,8.743529465531541,6727,415,6.169169020365691,769.369
208031189,Edithvale - Aspendale,5.141547410100521,3878,217,5.595667870036101,754.248
208031190,Mentone,4.480436678605297,3822,265,6.933542647828363,853.042
208031191,Moorabbin - Heatherton,11.654995693284826,2625,167,6.3619047619047615,225.225
208031192,Moorabbin Airport,3.036204083671103,3,0,0.0,0.988
208031193,Mordialloc - Parkdale,8.047893153966813,6154,316,5.134871628209295,764.672
208041194,Malvern - Glen Iris,6.17694257870072,5152,675,13.10170807453416,834.07
208041195,Malvern East,7.540867781522727,5605,658,11.739518287243532,743.283
209011196,Bundoora - East,4.055003973235164,3066,195,6.360078277886497,756.103
209011197,Greensborough,10.038251776629721,5766,336,5.82726326742976,574.403
209011198,Heidelberg - Rosanna,6.425202596405657,4076,418,10.255152109911675,634.377
209011199,Heidelberg West,6.675847751182594,4328,290,6.700554528650647,648.307
209011200,Ivanhoe,5.092805184171743,3252,295,9.071340713407135,638.548
209011201,Ivanhoe East - Eaglemont,4.244430167996337,2013,131,6.507699950322901,474.269
209011202,Montmorency - Briar Hill,12.0332140830694,4471,194,4.339074032654887,371.555
209011203,Viewbank - Yallambie,10.241274304947211,5004,327,6.534772182254196,488.611
209011204,Watsonia,3.77777323259199,2666,201,7.539384846211552,705.707
209021205,Kingsbury,9.008683758012097,3340,309,9.251497005988025,370.753
209021428,Preston - East,7.7882747108212955,6100,810,13.278688524590162,783.229
209021429,Preston - West,3.5617048741876967,3347,428,12.787570959067825,939.719
209021523,Reservoir - North East,4.7898918267320605,4497,530,11.78563486768957,938.852
209021524,Reservoir - North West,4.508052215598487,2706,176,6.504065040650407,600.259
209021525,Reservoir - South East,4.1834426783349725,3580,349,9.748603351955309,855.755
209021526,Reservoir - South West,5.611694092814966,4128,536,12.984496124031008,735.607
209031209,Eltham,19.47969260406578,6341,258,4.068758870840561,325.518
209031210,Hurstbridge,14.815404079111588,1125,42,3.733333333333334,75.934
209031211,Kinglake,319.4257206951551,1403,10,0.7127583749109052,4.392
209031212,Panton Hill - St Andrews,292.20679796948707,1592,9,0.5653266331658292,5.448
209031213,Plenty - Yarrambat,29.088089163756198,3004,70,2.330226364846871,103.273
209031214,Research - North Warrandyte,49.836171352540404,1931,53,2.7446918694976694,38.747
209031215,Wattle Glen - Diamond Creek,26.833795032910935,4791,152,3.1726153203924023,178.544
209041216,Bundoora - North,4.7023976372018605,2372,117,4.9325463743676226,504.424
209041217,Bundoora - West,2.539286959493358,2002,98,4.895104895104895,788.41
209041220,Mill Park - North,8.147108339257539,6025,251,4.16597510373444,739.526
209041221,Mill Park - South,4.928263313174499,3782,145,3.833950290851402,767.41
209041223,Thomastown,14.772013132407444,5899,460,7.797931852856416,399.336
209041224,Wallan,507.7975097043646,8133,155,1.9058158121234476,16.016
209041225,Whittlesea,297.8515289126609,3526,82,2.3255813953488373,11.838
209041431,Epping - East,7.829544085299343,4228,193,4.56480605487228,540.006
209041432,Epping - South,15.783942211867151,2649,269,10.154775386938468,167.829
209041433,Epping (Vic.) - West,7.339065956187913,4087,192,4.697822363591877,556.883
209041435,South Morang - North,13.597066906377897,4452,214,4.806828391734052,327.424
209041436,South Morang - South,7.787530483550014,4313,229,5.3095293299327615,553.834
209041437,Wollert,53.82003770730293,8281,393,4.745803646902548,153.865
209041527,Doreen - North,9.372386732998715,5260,168,3.193916349809886,561.223
209041528,Doreen - South,5.019357338593997,3537,154,4.353972292903591,704.672
209041529,Lalor - East,3.3128480017083928,2906,288,9.910529938059188,877.191
209041530,Lalor - West,8.779921511418438,3893,257,6.6015926021063445,443.398
209041531,Mernda - North,15.188035310736849,3725,207,5.557046979865772,245.259
209041532,Mernda - South,8.749203606193776,4084,213,5.215475024485798,466.785
210011226,Airport West,3.6608267803587693,2544,107,4.205974842767295,694.925
210011227,Essendon Airport,3.387611397206913,5,0,0.0,1.476
210011228,Keilor,17.570397029913877,2520,59,2.3412698412698414,143.423
210011230,Niddrie - Essendon West,2.7768062440045913,2297,130,5.659555942533739,827.209
210011231,Strathmore,4.083647648794302,2852,117,4.102384291725105,698.395
210011533,Avondale Heights,5.362424536908652,3336,147,4.406474820143885,622.107
210011534,Keilor East,5.526314813677225,4129,154,3.7297166384112375,747.153
210021232,Gisborne,210.96035322625818,4410,72,1.6326530612244898,20.904
210021233,Macedon,73.01166767838853,896,19,2.1205357142857144,12.272
210021234,Riddells Creek,83.40305359280023,1474,46,3.1207598371777476,17.673
210021235,Romsey,624.7532500535352,3553,24,0.6754855052068675,5.687
210031236,Coburg North,4.893920668766128,2158,248,11.492122335495829,440.955
210031237,Fawkner,5.070812072347218,3737,364,9.74043350280974,736.963
210031439,Gowanbrae,1.478461321698899,948,17,1.7932489451476792,641.207
210031440,Hadfield,3.065285740887537,1696,102,6.014150943396227,553.293
210031535,Glenroy - East,6.250113089445941,4195,497,11.847437425506556,671.188
210031536,Glenroy - West,2.643322434632506,2887,571,19.778316591617596,1092.186
210031537,Oak Park,2.318555309619224,2299,325,14.136581122227057,991.566
210031538,Pascoe Vale,4.658738161122226,5137,496,9.655440918824215,1102.659
210041240,Sunbury,129.5011860935057,4617,122,2.642408490361707,35.652
210041539,Diggers Rest,51.800692072968396,1902,116,6.0988433228180865,36.718
210041540,Sunbury - South,41.382991002866014,4811,214,4.448139679900229,116.255
210041541,Sunbury - West,37.76876078594926,3902,131,3.357252690927729,103.313
210051242,Broadmeadows,8.825102564981039,3473,428,12.323639504750936,393.537
210051243,Campbellfield - Coolaroo,18.14745218612581,3585,252,7.029288702928871,197.548
210051245,Gladstone Park - Westmeadows,13.931172027458945,5518,152,2.7546212395795577,396.09
210051246,Greenvale - Bulla,95.91860730469197,7234,177,2.446779098700581,75.418
210051247,Meadow Heights,4.635547557445885,3473,145,4.1750647854880505,749.21
210051248,Melbourne Airport,30.3539268192447,30,0,0.0,0.988
210051250,Tullamarine,3.8934436332293414,2106,71,3.3713200379867048,540.909
210051441,Craigieburn - Central,3.955567460722608,2691,145,5.3883314752879965,680.307
210051442,Craigieburn - North,13.348015229091782,4071,194,4.765413903217882,304.989
210051443,Craigieburn - South,11.917953534496846,6850,365,5.328467153284672,574.763
210051445,Mickleham - Yuroke,70.8009759009527,8038,277,3.4461308783279425,113.53
210051542,Craigieburn - North West,1.9334548777215115,3148,172,5.463786531130877,1628.174
210051543,Craigieburn - West,4.08013602662023,3839,194,5.053399322740297,940.9
210051544,Roxburgh Park (South) - Somerton,8.82815136618646,2806,156,5.559515324305061,317.847
210051545,Roxburgh Park - North,3.4184670645614217,3692,152,4.117009750812568,1080.016
211011251,Bayswater,8.036912093366182,4161,212,5.09492910358087,517.736
211011254,Knoxfield - Scoresby,15.201796491106565,5385,181,3.361188486536676,354.234
211011255,Lysterfield,18.42037145364395,2410,34,1.410788381742739,130.833
211011256,Rowville - Central,8.209386275959954,5373,118,2.1961660152614924,654.495
211011257,Rowville - North,4.2370294255800705,2614,64,2.448355011476664,616.942
211011258,Rowville - South,9.363937788992741,3635,70,1.925722145804677,388.191
211011259,Wantirna,8.281164265061221,4151,155,3.734039990363767,501.258
211011260,Wantirna South,13.420518018488988,5293,189,3.57075382580767,394.396
211011446,Boronia,11.272337869728126,7508,347,4.621736814064997,666.055
211011447,Ferntree Gully - North,6.981255617947561,4508,194,4.303460514640639,645.729
211011448,Ferntree Gully (South) - Upper Ferntree Gully,9.138833091916304,5284,178,3.368660105980318,578.192
211011449,The Basin,5.746081478145509,1484,29,1.954177897574124,258.263
211021261,Donvale - Park Orchards,20.808315850106876,4207,139,3.304017114333254,202.179
211021262,Warrandyte - Wonga Park,45.750340714723706,3012,49,1.6268260292164674,65.836
211031263,Bayswater North,9.927744900465493,4152,123,2.9624277456647397,418.222
211031265,Croydon Hills - Warranwood,9.499682525549561,5636,126,2.2356281050390345,593.283
211031266,Ringwood,9.929056087547684,5542,470,8.480692890653193,558.16
211031267,Ringwood East,9.359064485022431,5867,330,5.624680415885461,626.879
211031268,Ringwood North,4.6963535169309925,2671,100,3.743916136278547,568.739
211031450,Croydon - East,8.054154570677124,5185,242,4.667309546769528,643.767
211031451,Croydon - West,6.820558307251194,3971,187,4.7091412742382275,582.21
211031452,Croydon South,2.850712904700275,1525,56,3.672131147540984,534.954
211041269,Forest Hill,4.088725748173205,2750,174,6.327272727272727,672.581
211041270,Mitcham (Vic.),6.6481155422384,4606,459,9.96526270082501,692.828
211041271,Nunawading,5.077499523086452,3291,335,10.17927681555758,648.154
211041272,Vermont,4.59167444190952,2879,151,5.244876693296283,627.004
211041273,Vermont South,6.1831867581329565,3055,161,5.270049099836334,494.082
211051274,Belgrave - Selby,55.658753312904594,3026,110,3.6351619299405153,54.367
211051275,Chirnside Park,22.14855505606003,3912,89,2.2750511247443765,176.626
211051276,Healesville - Yarra Glen,369.53298543018064,4413,37,0.8384319057330614,11.942
211051277,Kilsyth,8.23389645902155,3343,76,2.273407119353874,406.005
211051278,Lilydale - Coldstream,109.43715659740359,6647,194,2.918609899202648,60.738
211051279,Monbulk - Silvan,68.52585108126746,1903,20,1.0509721492380453,27.771
211051280,Montrose,10.528689979661733,2244,36,1.6042780748663104,213.132
211051281,Mooroolbark,12.569141552293763,7790,237,3.042362002567394,619.772
211051282,Mount Dandenong - Olinda,81.83152386343345,2706,69,2.549889135254989,33.068
211051283,Mount Evelyn,16.98251535664568,3488,57,1.6341743119266054,205.388
211051284,Upwey - Tecoma,8.92612495489404,3110,134,4.308681672025724,348.415
211051285,Wandin - Seville,111.79124092656475,2956,37,1.2516914749661705,26.442
211051286,Yarra Valley,729.7317170894204,5489,60,1.093095281472035,7.522
212011289,Emerald - Cockatoo,371.5926191035638,6262,51,0.8144362823379112,16.852
212011546,Beaconsfield - Officer,33.309871967769034,8444,318,3.765987683562293,253.498
212011547,Bunyip - Garfield,365.94880248160933,3436,56,1.629802095459837,9.389
212011548,Koo Wee Rup,414.6076506266576,3760,31,0.8244680851063829,9.069
212011549,Pakenham - North East,18.937892881403585,5396,140,2.5945144551519648,284.931
212011550,Pakenham - North West,24.699137071377432,2727,89,3.263659699303264,110.409
212011551,Pakenham - South East,30.943805272842294,2121,127,5.987741631305988,68.544
212011552,Pakenham - South West,22.275221065643663,9084,430,4.733597534125936,407.807
212021293,Berwick - North,19.72741898288435,7129,192,2.693224856221069,361.375
212021295,Doveton,5.210024201741531,3651,175,4.7932073404546705,700.764
212021297,Hallam,8.026682615568863,3508,148,4.218928164196123,437.042
212021299,Narre Warren North,34.404983738500405,2764,24,0.8683068017366137,80.337
212021453,Endeavour Hills - North,14.50194843191656,3920,100,2.5510204081632653,270.309
212021454,Endeavour Hills - South,5.558262477209589,4191,110,2.6246719160104988,754.013
212021455,Narre Warren - North East,4.867008130077417,4754,125,2.6293647454774924,976.781
212021456,Narre Warren - South West,9.332708849438436,4958,247,4.981847519160952,531.25
212021553,Berwick - South East,9.901828985627033,5857,192,3.2781287348471917,591.507
212021554,Berwick - South West,4.96000390983666,3772,130,3.4464475079533403,760.483
212031300,Cranbourne,13.025488358303033,7406,326,4.401836348906292,568.578
212031303,Cranbourne South,82.01205828267216,6547,146,2.2300290209256146,79.83
212031304,Cranbourne West,12.883079864371762,7998,225,2.813203300825206,620.814
212031306,Lynbrook - Lyndhurst,7.414173531980072,6262,378,6.036410092622165,844.599
212031308,Pearcedale - Tooradin,98.15634013660998,3049,5,0.1639881928501148,31.063
212031457,Narre Warren South - East,6.220816388209074,4631,114,2.4616713452817964,744.436
212031458,Narre Warren South - West,6.7920184431456265,5797,213,3.674314300500259,853.502
212031555,Clyde North - North,6.889651807974748,3489,122,3.4967039266265405,506.412
212031556,Clyde North - South,19.738357356429074,5654,166,2.9359745313052703,286.447
212031557,Cranbourne East - North,10.991851905349613,8129,323,3.973428465985976,739.548
212031558,Cranbourne East - South,5.320379118441434,4412,181,4.102447869446963,829.264
212031559,Cranbourne North - East,5.440534133114988,4321,131,3.031705623698218,794.223
212031560,Cranbourne North - West,4.772150040878774,4160,140,3.3653846153846154,871.724
212031561,Hampton Park - East,8.229815106379139,4339,184,4.240608435123301,527.229
212031562,Hampton Park - West,5.118487018832231,4478,198,4.421616793211255,874.868
212041309,Clarinda - Oakleigh South,6.359931953246256,3409,177,5.1921384570255205,536.012
212041310,Clayton South,7.952928636163628,4561,493,10.80903310677483,573.499
212041312,Dandenong North,9.410872322536813,7009,319,4.551291197032387,744.777
212041313,Dingley Village,7.238278886642996,3342,73,2.184320766008378,461.712
212041316,Noble Park North,3.7996320063113798,2360,83,3.516949152542373,621.113
212041317,Springvale,11.067222988067254,7521,674,8.96157425874219,679.574
212041318,Springvale South,4.517395103008518,4481,201,4.4856058915420665,991.943
212041459,Noble Park - East,3.7257421255411693,4526,380,8.395934600088378,1214.792
212041460,Noble Park - West,4.839373371133506,6741,513,7.610146862483311,1392.949
212041563,Dandenong - North,8.07947183419876,6582,650,9.875417806137952,814.657
212041564,Dandenong - South,53.72721618261846,2890,203,7.024221453287197,53.79
212041565,Keysborough - North,6.6185166675040685,5087,169,3.3221938274031846,768.601
212041566,Keysborough - South,23.667106984078483,5481,156,2.8461959496442253,231.587
212051319,Ashwood - Chadstone,6.713754004675207,5327,443,8.316125398911208,793.446
212051321,Glen Waverley - East,9.165591798821366,5451,431,7.906806090625573,594.724
212051322,Glen Waverley - West,7.659530004594876,5667,494,8.717134286218457,739.863
212051323,Mount Waverley - North,6.492851537364112,4072,302,7.416502946954813,627.151
212051324,Mount Waverley - South,8.709592652717925,5070,395,7.790927021696252,582.117
212051325,Mulgrave,10.726753888370409,5965,258,4.325230511316009,556.086
212051326,Oakleigh - Huntingdale,10.130155101002517,6947,681,9.80279257233338,685.774
212051327,Wheelers Hill,10.4359143240676,5201,181,3.4800999807729287,498.375
212051567,Clayton (North) - Notting Hill,5.224157867766435,2910,339,11.649484536082474,557.028
212051568,Clayton - Central,4.209320406394195,4450,786,17.662921348314605,1057.178
213011328,Ardeer - Albion,4.610828576295199,2277,288,12.648221343873518,493.837
213011329,Cairnlea,4.4335054196884425,3350,151,4.507462686567164,755.61
213011331,Delahey,3.4864130480248785,2677,133,4.968248038849459,767.838
213011332,Keilor Downs,7.637685471548047,3870,133,3.4366925064599485,506.698
213011333,Kings Park (Vic.),4.443347168360895,3976,189,4.753521126760563,894.821
213011334,St Albans - North,6.557335878236222,5830,586,10.051457975986278,889.081
213011335,St Albans - South,6.235890391802931,5044,559,11.082474226804123,808.866
213011336,Sunshine,4.742207114366204,2877,431,14.980882864094545,606.68
213011337,Sunshine North,7.987571787551639,3747,240,6.405124099279423,469.104
213011338,Sunshine West,12.950913266771165,5447,359,6.5907839177528915,420.588
213011339,Sydenham,3.906295967799645,3923,304,7.7491715523833795,1004.276
213011340,Taylors Lakes,18.542653214057996,5862,157,2.678266803138861,316.136
213011569,Deer Park,8.036038870124841,5393,326,6.044872983497126,671.102
213011570,Derrimut,13.282911531889367,2841,129,4.540654699049631,213.884
213021341,Altona,17.65040070335415,3574,275,7.694459988808059,202.488
213021342,Altona Meadows,10.598253268692856,5597,301,5.377881007682688,528.106
213021343,Altona North,16.237819231104673,3945,228,5.779467680608365,242.951
213021344,Newport,8.816834378118852,4736,431,9.100506756756758,537.154
213021345,Seabrook,1.6017050082157465,1444,88,6.094182825484765,901.539
213021346,Williamstown,7.391249036376432,3834,275,7.172665623369849,518.722
213031347,Braybrook,7.470166738118828,5890,531,9.01528013582343,788.47
213031348,Footscray,4.993621832858943,5122,1198,23.389301054275673,1025.708
213031349,Maribyrnong,5.454365009752624,4236,354,8.356940509915015,776.626
213031350,Seddon - Kingsville,1.695255715115999,2230,338,15.156950672645738,1315.436
213031351,West Footscray - Tottenham,5.973395240313864,3265,425,13.016845329249618,546.59
213031352,Yarraville,5.614248688723278,4002,501,12.518740629685157,712.829
213041353,Bacchus Marsh,196.33763711605792,8445,226,2.6761397276494967,43.013
213041358,Melton West,24.23211915894541,6639,185,2.786564241602651,273.975
213041359,Rockbank - Mount Cottrell,126.09894481782226,5240,251,4.790076335877862,41.555
213041360,Taylors Hill,5.943934247814407,6199,234,3.774802387481852,1042.912
213041461,Burnside,2.541889561697529,1764,66,3.741496598639456,693.972
213041462,Burnside Heights,2.0015977061296684,1967,67,3.40620233858668,982.715
213041463,Caroline Springs,7.000652311206735,6385,208,3.257635082223963,912.058
213041571,Brookfield,10.727342338819831,3046,96,3.1516743269862113,283.947
213041572,Cobblebank - Strathtulloh,19.676595631119767,2583,135,5.2264808362369335,131.273
213041573,Eynesbury - Exford,69.47609380969739,927,13,1.4023732470334414,13.343
213041574,Fraser Rise - Plumpton,58.834784900058885,3379,147,4.350399526487126,57.432
213041575,Hillside,7.775963464950889,5746,199,3.4632788026453185,738.944
213041576,Kurunjang - Toolern Vale,120.80632288980496,3796,93,2.4499473129610116,31.422
213041577,Melton,9.960167477510794,2000,72,3.5999999999999996,200.8
213041578,Melton South - Weir Views,11.022073973446682,4463,269,6.027335872731347,404.915
213051361,Hoppers Crossing - North,10.944440022558044,6086,288,4.732172198488334,556.081
213051362,Hoppers Crossing - South,6.998574619759577,5425,381,7.023041474654377,775.158
213051363,Laverton,22.242588247922097,3580,471,13.156424581005584,160.952
213051368,Werribee - South,114.10309415666948,5163,250,4.84214603912454,45.249
213051464,Point Cook - East,19.024378227544997,5341,251,4.699494476689758,280.745
213051466,Point Cook - South,9.442004015855439,4736,347,7.326858108108109,501.588
213051467,Werribee - East,7.784332997736484,5580,371,6.648745519713262,716.824
213051468,Werribee - West,127.65112445669294,7364,392,5.323193916349809,57.688
213051579,Manor Lakes - Quandong,72.06378522020844,2889,412,14.260989961924542,40.089
213051580,Point Cook - North East,5.5504298505911684,4169,189,4.533461261693452,751.113
213051581,Point Cook - North West,2.9335726354882423,2818,182,6.458481192334989,960.603
213051582,Tarneit (West) - Mount Cottrell,36.67038874529252,3158,188,5.953134895503483,86.119
213051583,Tarneit - Central,8.071335425609846,8876,705,7.942767012167643,1099.694
213051584,Tarneit - North,14.34733580889277,2445,188,7.689161554192229,170.415
213051585,Tarneit - South,3.1096297263335204,3460,201,5.809248554913295,1112.673
213051586,Truganina - North,17.49876941657593,2918,163,5.586017820424949,166.755
213051587,Truganina - South East,4.287040410635096,3047,217,7.121759107318675,710.747
213051588,Truganina - South West,5.361567258958668,5427,329,6.0622811866592965,1012.204
213051589,Wyndham Vale - North,51.28417972604127,2807,246,8.763804773779835,54.734
213051590,Wyndham Vale - South,4.971331560334799,4142,235,5.673587638821825,833.177
214011370,Carrum Downs,20.356989124956776,8423,184,2.1844948355692746,413.765
214011371,Frankston,11.612520956033535,7496,309,4.122198505869798,645.51
214011372,Frankston North,13.257608885523938,5804,225,3.876636802205376,437.786
214011373,Frankston South,14.59632619698472,5425,82,1.5115207373271888,371.669
214011374,Langwarrin,37.613437667266155,8941,117,1.3085784587853708,237.708
214011375,Seaford (Vic.),12.406588847025795,5359,222,4.142563911177458,431.948
214011376,Skye - Sandhurst,19.77622137552221,4823,61,1.2647729628861704,243.879
214021377,Dromana,45.12016982044409,3748,40,1.0672358591248663,83.067
214021378,Flinders,287.44235503509105,1472,4,0.2717391304347826,5.121
214021379,Hastings - Somers,108.884347613995,7824,78,0.9969325153374232,71.856
214021381,Mount Eliza,23.243694012888728,4725,69,1.4603174603174605,203.281
214021382,Mount Martha,30.27938133708777,5592,48,0.8583690987124464,184.68
214021383,Point Nepean,67.34801720368228,4818,57,1.1830635118306352,71.539
214021384,Rosebud - McCrae,23.724475294216738,6013,48,0.7982704141027773,253.451
214021385,Somerville,117.329278373838,6836,64,0.9362200117027502,58.263
214021591,Mornington - East,14.640079617301897,4491,57,1.2692050768203071,306.761
214021592,Mornington - West,6.425649505442164,2632,35,1.3297872340425532,409.608
